Out of 1805 enhancers 315 enhancers harbour Six1 BS,,,,,,,,,,,,
Enhancer with Six1 BS,,,,Nearest gene associated,,RNA seq expression data,,,,,,RSAT significant TFBS
Enhancer ID,Chr,start,end,Gene name,Ensembl ID,SS3-whole embryo_FPKM,pPPR_FPKM,ss56_OEPD_FPKM,ss89_otic_FPKM,ss12_otic_FPKM,Foldchange(ss89/ss3),TFBS found
4-260,4,71694418,71694695,-,-,2.0653,11.9421,4860.97,81.0711,25.1657,39.25390984,"START_END, Irx4, Irx2, Irx5, Gata3.2, Six1-optimised, DMRT3, SALL1"
24-14,24,4523671,4523948,ZBTB16,ENSGALG00000007011,4.84837,3.74657,34.8547,67.2657,76.6071,13.87387926,"START_END, Gata5, Gata3.2, Ikaros, SALL1, Six1, GATA3.1, Hoxc9, HIF1, Esrrb"
9-190,9,21344120,21344397,OTOL1,ENSGALG00000026305,0.338869,0.304585,1.379,4.3936,1.87232,12.96548224,"START_END, Six1-optimised, NFKB1, Pax2"
4-669,4,38974226,38974503,IRF2,ENSGALG00000010642,402.152,3.83037,7.60629,5107.89,5.03371,12.70139151,"START_END, Sox6, Six1-optimised, Sox30, Nkx2-5"
2-1754,2,136968907,136969184,ENSGALG00000016393,ENSGALG00000016393,1.86952,4.82441,27.0782,22.6569,11.8256,12.11910009,"START_END, Six1-optimised, AP1.1, Erg, AR, Ets, Osf2, Etv1, Ikaros"
Feb-08,2,136969886,136970163,ENSGALG00000016393,ENSGALG00000016393,1.86952,4.82441,27.0782,22.6569,11.8256,12.11910009,"START_END, Hoxc9, Otx2, Lhx5, Lmx1a, Lhx9, Hoxa1, CHX10_vsx2_, Lmx1b, Hoxa2, Pitx2, Alx4, Six1-optimised, Prrx1, Dlx5, Tcf7l2, Six1, WT1"
3-1896,3,93697758,93698035,COLEC11,ENSGALG00000027532,0.0325195,0.104565,0.379039,0.304095,0.173355,9.351158536,"START_END, RREB1, SALL1, Hmx3, Foxk1, Hmx1, Six1-optimised, CHX10_vsx2_"
8-183,8,15384940,15385217,SSX2IP,ENSGALG00000008763,0.983017,2.29138,4.15814,8.31773,5.56013,8.461430474,"START_END, TEAD1, STAT, Mafb, RXRA, PR, STAT1, Pitx2, Rfx3, Pitx1, Otx2, Six1"
7-338,7,27528405,27528682,SLC12A8,ENSGALG00000012045,1.26395,1.92151,6.53664,10.3745,4.55556,8.207998734,"START_END, Hlxb9, Sox30, Rfx3, Pax6.1, DMRT3, Sox5, Six1-optimised, Sox8, Sox13, Pax-2, Pax6.2, Dmbx1, Lmx1a, Ar, Tcf7l2"
2-348,2,106325693,106325970,KLHL14,ENSGALG00000015186,0.833979,2.92634,2.52477,5.49952,12.2715,6.594314725,"START_END, Six1-optimised, Tcfap2c, Tcfap2e, Six1, Otx2, RREB1, Pitx2, Pitx1, PR, Foxk1, Osf2, Tcfap2b, FOXO3"
9-267,9,11056042,11056319,PLSCR4,ENSGALG00000006805,2.35388,3.92829,11.3493,15.0687,12.7657,6.401643244,"START_END, Sox30, CIZ, RXRA, Tcfcp2l1, Six1-optimised, Sox8, Six1, DMRT3"
Feb-09,2,120546550,120546827,HEY1,ENSGALG00000027364,33.2722,11.4553,102.583,193.604,149.278,5.818791664,"START_END, Ikaros, TTF-1_Nkx2-1_, Pax2, Six1-optimised, Sox3, Irf6, CIZ"
2-1328,2,120556593,120556870,HEY1,ENSGALG00000027364,33.2722,11.4553,102.583,193.604,149.278,5.818791664,"START_END, FOXP1, Six1, Pax-2, Osf2, Six1-optimised, CREB.2, RUNX1, CIZ, Hoxa2, Lhx4, Lhx9"
4-322,4,29362302,29362579,RNF150,ENSGALG00000009865,9.98198,9.75623,23.8811,55.2641,38.6627,5.536386569,"START_END, Six1-optimised, Sox3, Six1, Pou2f1, Pax6.2, RUNX1, Lhx5, NR3C1, AR, Foxk1, Six4, Alx4, Lhx9, Pax7, RoRalpha, Mafb, Sox30, Nkx2-5, FOXO3"
May-86,5,29630625,29630902,RYR3,ENSGALG00000009705,0.0288656,0.079993,0.0740165,0.158942,0.0409475,5.506277368,"START_END, Tcfap2e, Tcf1, Ets, Six1-optimised, Ikaros"
3-700,3,12855212,12855489,ENSGALG00000026351,ENSGALG00000026351,1.13267,0.505143,4.62458,5.98287,8.3059,5.28209452,"START_END, SALL1, FOXP1, Six1-optimised, TTF-1_Nkx2-1_, Sox2, Sox6, Lhx4, Sox13, Pou2f1, Pax7, Pax-2, Sox8, Sox3, RBP-Jkappa, Sox5, Mafb, PLZF"
11-106,11,15074911,15075188,PLCG2,ENSGALG00000005453,2.3508,3.65693,6.04868,11.8572,8.11375,5.043899949,"START_END, Foxk1, CREB_ATF, Six4, CREB.2, Tcfap2b, Gata5, Sox3, NR3C1, Six1, SALL1, Mrg1"
2-627,2,26811357,26811634,-,-,1.86574,8.87582,55.1921,9.23775,24.0894,4.951252586,"START_END, PLZF, Foxk1, SALL1, Six1, Sox6, FOXO3, Sox5, Sox30, Hoxc9, Pitx2, Sox3, Otx2, Sox2, Gata3.2, Lmx1a, Irx4, Tcf7l2"
5-1517,5,12593904,12594181,-,-,122.703,0,244.661,565.28,219.761,4.606896327,"START_END, PR, Six4, RFX, Hdx, TEAD1, Irf6, Six1-optimised, Six1, Bach2, Ehf, NFATC2, AP1.1, AP1.2"
4-584,4,85674962,85675239,EIF2AK3,ENSGALG00000015958,3.06973,5.23046,7.70742,12.735,13.7634,4.148573327,"START_END, Hmbox1, PR, Tcf1, Pax-2, NR3C1, Six1-optimised, Mrg1, Ar, AR"
1-1407,1,43189198,43189475,MKP3,ENSGALG00000011207,34.7673,16.1217,108.803,139.965,102.552,4.02576559,"START_END, FOXP1, FOXO3, Gata5, Six1-optimised, Hoxc9, TFAP2A"
12-172,12,6560166,6560443,WNK2,ENSGALG00000005210,18.5013,28.4039,58.8224,73.1277,67.7221,3.9525709,"START_END, Sox6, Six1, REST"
3-326,3,43966767,43967044,PARK2,ENSGALG00000011562,0.804669,0.764814,4.6827,2.94059,0.821415,3.654409453,"START_END, Mafb, TEAD1, Six1-optimised, Sox2, Sox6"
7-196,7,23155404,23155681,CYP27C1,ENSGALG00000011532,12.2475,8.8067,23.1284,39.7244,47.1923,3.243470096,"START_END, Six1-optimised, Pax6.2, Lmx1b, Lmx1a, Lhx5, PR, Bbx, Pou2f1, Hbp1, Gata5, Prrx1, Sox8, Lhx9, AR, Gbx1, Sox3, Znf143, NR3C1, Alx4, Hoxa2, Irx2, Irx4"
5-367,5,3600673,3600950,"CCDC34,LGR4",ENSGALG00000012194,15.5767,24.818,31.0506,47.0805,57.5244,3.022495137,"START_END, Six1, Six1-optimised, Foxk1, SALL1, DMRT3, Pbx, Pax6.2, Pou2f1, Nkx2-5, Pax7, Sox30, Esrrb"
5-202,5,3677671,3677948,"CCDC34,LGR4",ENSGALG00000012194,15.5767,24.818,31.0506,47.0805,57.5244,3.022495137,"START_END, Pax6.2, Pax-2, Lhx4, Irx2, Ar, Gata5, Prrx1, Pax7, Six1-optimised, Hmx3, Pou2f1, PLZF, Sox6, Tcfcp2l1, Tcf1, Irx5, Irx4, Pax6.1, Hlxb9, Arnt, Gbx1"
Jul-31,7,18586535,18586812,STK39,ENSGALG00000010930,12.9232,16.3168,31.3374,38.2414,34.8594,2.95912777,"START_END, Six1-optimised, Hbp1, Ikaros, Lmx1b, CHX10_vsx2_, Pax7, EBF, Pou2f1"
Feb-30,2,28670907,28671184,TSPAN13,ENSGALG00000027240,26.496,55.3819,76.5619,76.1791,57.5759,2.875116999,"START_END, DMRT3, Sox8, Ikaros, Tcf1, Six1-optimised, RoRalpha, Hoxa2"
4-1424,4,5248297,5248574,-,-,0.458087,0,2.1842,1.31646,2.23636,2.873820912,"START_END, Pax7, Lhx5, Lmx1b, Pou2f1, Alx4, Lmx1a, Prrx1, Emx2, Lhx9, Hoxa1, Pax6.1, Hmx3, Hoxa2, CHX10_vsx2_, Pax6.2, Tcf1, Hlxb9, Gbx2, Six1, Lhx4, Gbx1, Mrg1, Bbx, Sox8, Hoxc9, Irx4, PLZF, Irx5, NR3C1, Tcf7l2, Pax-2, Sox3, Six1-optimised, Nr2e3, Dlx5, Hmbox1, Hmx1, Irx2, Gata5"
17-92,17,4663782,4664059,"COL27A1,ENSGALG00000025797",ENSGALG00000006958,3.42813,2.25791,3.76158,8.88365,15.44,2.591398226,"START_END, PLAG1, Otx2, Foxk1, Nkx2-5, Six1-optimised, Znf143"
2-1386,2,22241517,22241794,FZD1,ENSGALG00000009064,30.3523,39.6561,31.8346,78.217,109.623,2.576971103,"START_END, Rfx3, Six1-optimised, Sox5, Sox30, Sox13, Pitx2, Sox8, STAT1, Otx2, Tcf1, Ets, DMRT3, Etv5, STAT"
2-1387,2,22354164,22354441,FZD1,ENSGALG00000009064,30.3523,39.6561,31.8346,78.217,109.623,2.576971103,"START_END, Bbx, Irf6, RBP-Jkappa, Six1-optimised, AR, Hbp1, Hmx3, Hdx"
4-396,4,26432934,26433211,PCDH10,ENSGALG00000009719,0.278256,0.404094,1.12626,0.698147,0.699236,2.509009689,"START_END, Hoxa2, Hoxa1, NR3C1, Arnt, Hmbox1, CHX10_vsx2_, Hoxc9, EBF1, Pou2f1, Lmx1b, PR, EBF, Tcf1, HIF1, AR, Lmx1a, Pax6.2, Sox5, Irf6, Sox8, Six1-optimised, Dlx5"
4-351,4,25913063,25913340,PCDH10,ENSGALG00000009719,0.278256,0.404094,1.12626,0.698147,0.699236,2.509009689,"START_END, Gata3.2, Six1, NR3C1, Six4, Gata5, Sox6, RoRalpha, Sox5, Hoxa1, PR, STAT, Sox13, Hlxb9, Pax6.2, Hdx, Irf6, STAT1, Sox2"
4-980,4,52868466,52868743,SPATA5,ENSGALG00000011833,31.6975,12.8528,73.5481,78.9393,77.6021,2.490395142,"START_END, CIZ, Erg, Pitx1, Ehf, Etv6, Etv5, Etv4, Elk4, Six1-optimised, Mafb, NR3C1, Etv1, STAT, Hlxb9"
4-1315,4,52739012,52739289,SPATA5,ENSGALG00000011833,31.6975,12.8528,73.5481,78.9393,77.6021,2.490395142,"START_END, Pou2f1, Tcf1, Pax6.2, Hbp1, RoRalpha, Pax7, Bbx, Gata5, Gata3.2, Prrx1, CHX10_vsx2_, AhR, Hlxb9, Hoxa1, SALL1, Lhx4, Dlx5, PPARG, Gbx1, Hoxa2, Mafb, Esrrb, Alx4, Pax2, Lhx9, Lmx1a, Lhx5, Lmx1b, Emx2, Mtf1, Six1, Six1-optimised"
Jan-89,1,151799014,151799291,SPRY2,-,33.684,9.53212,75.9407,83.1988,55.5911,2.469979812,"START_END, Irx2, Irx5, Irx4, Sox6, AR, Six1-optimised, NFKB1, RREB1, Sox30, Foxk1, SALL1, RBP-Jkappa, DMRT3"
2-375,2,103975815,103976092,KCTD1,ENSGALG00000015124,24.8149,38.7342,87.5792,60.4681,49.685,2.436765814,"START_END, Six1-optimised, ESR2"
17-80,17,7222973,7223250,U6atac,ENSGALG00000017909,10.5855,5.1261,0,25.3208,45.8033,2.392026829,"START_END, FOXP1, Sox6, Sox30, RFX, Sox5, Gata5, Sox13, Gata3.2, Six1, Mtf1, Sox2, Ar, Osf2"
15-13,15,3950003,3950280,TMEM132C,ENSGALG00000002714,5.69186,6.84334,12.528,12.8154,11.9646,2.251531134,"START_END, Hoxa1, Hoxa2, Pax6.2, Lhx5, Dlx5, Hoxc9, Hmx1, Lmx1a, Lmx1b, Prrx1, Pou2f1, Hlxb9, Hmx3, Hbp1, Emx2, Pax7, Pax2, Lhx9, Alx4, Pitx2, Six1-optimised, Gbx2, Lhx4"
3-759,3,80152578,80152855,FILIP1,ENSGALG00000015903,2.01905,5.16455,6.06026,4.48539,8.87474,2.22153488,"START_END, Hdx, Sox3, HIF1, Sox2, Sox6, Tax_CREB.1, Tax_CREB.2, Six1-optimised"
2-1432,2,53115825,53116102,TPK1,ENSGALG00000012369,4.79266,4.62038,12.4109,10.6305,8.4047,2.218079313,"START_END, ESR2, PPARG, RoRalpha, Six1-optimised, Gata5, TEAD1, Erg, Etv4, Etv5, Elk4, Pax-2, Klf7, Sox3, Etv1, Gata3.2, Max"
Apr-95,4,80220219,80220496,AFAP1,ENSGALG00000015556,5.62717,8.11746,10.5064,12.3708,16.6583,2.198405237,"START_END, Six1-optimised, Pax-2, Sox6, Znf143, Gbx1, Pax6.2, Arnt, Max, Gbx2"
1-178,1,106831517,106831794,KCNJ15,ENSGALG00000016055,0.269401,0.101786,0.169365,0.586779,0.568391,2.178087683,"START_END, Six1-optimised, Lmx1a, NR3C1, Hmx1, Lmx1b, Lhx5, Hoxc9, Six4, PR, Ar, CIZ, Hmx3, Prrx1, Sox2, CHX10_vsx2_, Gata5, Lhx9, Six1, Irx4, Pitx1, Pou2f1"
Oct-67,10,6256903,6257180,MYO1E,ENSGALG00000004150,8.73596,15.47,23.1486,18.2722,16.4093,2.091607562,"START_END, Foxk1, FOXO3, Hdx, Tcfap2c, Nr2f2, Erg, Etv1, Tcfap2e, Ets, PLZF, Tcfap2b, Pbx, Six1-optimised, Etv4, Etv5, Irx4, Pou2f1, Elk4"
17-72,17,5905524,5905801,FUBP3,ENSGALG00000003941,98.5926,111.442,171.312,198.044,194.778,2.008710593,"START_END, RREB1, Tcfcp2l1, RBP-Jkappa, NFKB1, Six1-optimised"
8-783,8,18745287,18745564,gga-mir-6647,ENSGALG00000026772,0,0,0,0,0,#DIV/0!,"START_END, Max, AP1.2, Bach2, Sox6, TEAD1, Hdx, Irx4, Mtf1, Hmbox1, FOXO3, Six1, Pax-2, EBF, Irx5, AR"
Z-594,Z,20201244,20201521,NA,NA,NA,NA,NA,NA,NA,#VALUE!,"START_END, FOXP1, Foxk1, FOXO3, Gbx1, Six1, Mrg1"
4-551,4,21468621,21468898,C4ORF45,ENSGALG00000023453,0,0,0,0,0,#DIV/0!,"START_END, Rfx3, Six1, RoRalpha, Irf6, Mafb, ESR2, Hmbox1, Gata3.2, AP1.2, Six4, Mtf1"
Z-1086,Z,8608590,8608867,NA,NA,NA,NA,NA,NA,NA,#VALUE!,"START_END, Six4, Six1, Hdx, Gata5, Ets, Sox8, Hbp1, Osf2"
6-753,6,21597091,21597368,DNMBP,ENSGALG00000007304,0,36.0843,36.0705,35.7422,46.0675,#DIV/0!,"START_END, TEAD1, AhR, Six1, Sox6, Mtf1"
9-174,9,1125202,1125479,-,-,0,0,0,0,7241.15,#DIV/0!,"START_END, RUNX1, Irf6, Etv4, Elk4, Six4, Six1"
2-1554,2,5804387,5804664,gga-mir-6600,ENSGALG00000028088,0,0,0,0,0,#DIV/0!,"START_END, Ikaros, Six1-optimised, RREB1, Pou2f1, WT1, STAT"
Jan-62,1,117421319,117421596,SCARNA24,ENSGALG00000025616,0,0,0,0,35.5771,#DIV/0!,"START_END, Osf2, Six1, TEAD1, Ar"
Z-945,Z,9679723,9680000,NA,NA,NA,NA,NA,NA,NA,#VALUE!,"START_END, Mafb, RREB1, Lmx1b, Lmx1a, Irx2, Dmbx1, Lhx5, Six1, FOXO3, Pou2f1"
Z-92,Z,70204194,70204471,NA,NA,NA,NA,NA,NA,NA,#VALUE!,"START_END, Foxk1, PLZF, Irx4, Irx5, Irx2, Lhx5, Sox8, Lhx9, Lmx1a, SALL1, AP1.2, Pax6.2, Pax7, Pou2f1, Lmx1b, Six4, Sox13, Bbx, Pax-2, Dlx5, Prrx1, RBP-Jkappa, Six1-optimised"
4-1303,4,47645634,47645911,gga-mir-1730,ENSGALG00000025322,0,0,0,0,0,#DIV/0!,"START_END, Tcfcp2l1, ESR2, Six1-optimised, AP1.2"
Z-35,Z,51182972,51183249,NA,NA,NA,NA,NA,NA,NA,#VALUE!,"START_END, PLAG1, Hdx, Irf6, Osf2, RUNX1, Six1-optimised"
11-461,11,8430079,8430356,gga-mir-1791,ENSGALG00000025360,0,0,0,0,0,#DIV/0!,"START_END, Six1-optimised, Arnt, RFX, Znf143, Max, Pax-2, Pax2"
Z-781,Z,45940896,45941173,NA,NA,NA,NA,NA,NA,NA,#VALUE!,"START_END, Hmbox1, Foxk1, Six1, Irx4, Sox6, Sox3, Six1-optimised, RXRA, Nr2f2, Nkx2-5, Ets"
4-1759,4,19225137,19225414,TLR2-2,ENSGALG00000009239,0,0.0417959,0,0,0,#DIV/0!,"START_END, Sox5, FOXO3, Sox13, REST, Six1-optimised, Nkx2-5, CHX10_vsx2_"
15-32,15,2119966,2120243,gga-mir-1769,ENSGALG00000025354,0,0,0,0,0,#DIV/0!,"START_END, AP1.2, AP1.1, Bach2, Six1-optimised, Six4, Tcf1, RoRalpha, Sox6, Tcf7l2, Bbx, Sox2, RUNX1, NFATC2, Hmx3"
8-200,8,2136690,2136967,ATP6V1G3,ENSGALG00000002207,0,0,0.0960368,0.595577,0.842675,#DIV/0!,"START_END, PLZF, SALL1, Irx5, Irx4, Mtf1, Sox3, Lmx1b, Irx2, Pitx1, Lmx1a, Otx2, TTF-1_Nkx2-1_, Lhx5, DMRT3, Dmbx1, Pitx2, Sox6, Six1-optimised, Bbx, Pou2f1"
May-32,5,2571209,2571486,gga-mir-1775,ENSGALG00000025380,0,0,0,0,0,#DIV/0!,"START_END, Six1-optimised, Sox3, PPARG, Pitx1, Dmbx1, Ehf, CREB.1, Max"
Z-46,Z,44551738,44552015,NA,NA,NA,NA,NA,NA,NA,#VALUE!,"START_END, Bach2, Lmx1a, Mafb, GATA3.1, Six1-optimised, CREB.2, Klf7, Lhx5, CREB.1, Lmx1b, CREB_ATF, Hoxc9, Pax7"
Z-1003,Z,41174628,41174905,NA,NA,NA,NA,NA,NA,NA,#VALUE!,"START_END, Six1-optimised, Sox3, Hdx, Sox6, Six4, Bach2, Hmx3, Irx4, Pitx1"
Z-894,Z,43624397,43624674,NA,NA,NA,NA,NA,NA,NA,#VALUE!,"START_END, Pax6.2, Six1-optimised, Pax7, Pou2f1, Prrx1, Lhx9, Mtf1, Mybl1"
3-1678,3,5058591,5058868,U2,ENSGALG00000017921,0,0,0,0,0,#DIV/0!,"START_END, AP1.1, AP1.2, Bach2, Sox3, Six1, Hoxc9, Sox2, Ikaros, Pax6.2, Hdx, Lhx5, FOXO3, Six1-optimised"
2-581,2,75106197,75106474,ENSGALG00000022942,ENSGALG00000022942,0,0,0,0,0,#DIV/0!,"START_END, Znf143, Ikaros, TFAP2A, Six1-optimised, CREB.2"
13-60,13,2419290,2419567,ENSGALG00000002208,ENSGALG00000002208,0,0.0336989,0,0.110098,0.317376,#DIV/0!,"START_END, Mtf1, Pax-2, Six1-optimised, FOXO3, Tcfcp2l1, Gata3.2, Irx4, TTF-1_Nkx2-1_, Irx5, Gata5"
1-1880,1,111886835,111887112,ENSGALG00000026949,ENSGALG00000026949,0,0,0,0,0,#DIV/0!,"START_END, Ikaros, Foxk1, SALL1, WT1, PLZF, FOXO3, Six1-optimised, TFAP2A"
Apr-74,4,22015334,22015611,ENSGALG00000025943,ENSGALG00000025943,0,0,0,0,0,#DIV/0!,"START_END, Tcfap2c, Tcfap2e, Six1-optimised, WT1, Tcfap2b, NR3C1, Pitx1, Mtf1"
2-1695,2,91811014,91811291,U1,ENSGALG00000017913,0,0,0,0,0,#DIV/0!,"START_END, Arnt, RREB1, NFKB1, Pax2, CREB.2, RFX, HIF1, Etv4, Pax-2, CREB_ATF, Six1, Max, TFAP2A, GATA3.1, Klf7, Mtf1, Six1-optimised, Bach2, WT1, Etv5, AP1.2"
13-Sep,13,3122745,3123022,CO6,ENSGALG00000002118,0,0,0,0,0,#DIV/0!,"START_END, Six1-optimised, Emx2, RXRA, Pou2f1"
Z-1363,Z,32526610,32526887,NA,NA,NA,NA,NA,NA,NA,#VALUE!,"START_END, Sox30, Pbx, Six1-optimised, WT1"
1-340,1,147284688,147284965,gga-mir-17,ENSGALG00000018253,0,0,0,0,0,#DIV/0!,"START_END, Zic3, TFAP2A, WT1, Six1, Hdx"
13-265,13,7132254,7132531,gga-mir-146a,ENSGALG00000018267,0,0,0,0,0,#DIV/0!,"START_END, Hoxa2, Tax_CREB.1, Tax_CREB.2, Mybl1, Emx2, Hoxa1, CHX10_vsx2_, Six4, Dlx5, Pitx1, Pitx2, Sox6, Dmbx1, Otx2, Lmx1a, Alx4, Lmx1b, Pax6.2, Hoxc9, Hlxb9, Lhx9, Lhx5, Six1"
Z-1184,Z,43451048,43451325,NA,NA,NA,NA,NA,NA,NA,#VALUE!,"START_END, SALL1, RUNX1, CIZ, Ets, AP1.1, Six1, Sox5, Bbx, REST, Rfx3, Six4, Sox13, Lmx1a, Sox8, Lhx9, Gata5"
4-822,4,19979392,19979669,ENSGALG00000027439,ENSGALG00000027439,0,0,0,0,0,#DIV/0!,"START_END, PLAG1, TEAD1, RREB1, Six1, Pitx1, Sox5, Hoxa1, Klf7, Otx2, NFKB1, WT1, Znf143"
3-856,3,87422724,87423001,-,-,0,1.88414,48.3888,0,0,#DIV/0!,"START_END, Six1-optimised, Sox2, Foxk1, Etv6, Erg, Sox30, Ehf, Lmx1a, Rfx3, RREB1, Etv5, Sox5, Sox3, Sox8, RBP-Jkappa, CIZ, Sox13, Etv4, Lhx5, Hmbox1, FOXO3, Mybl1, Elk4"
06-Jun,6,5490557,5490834,ENSGALG00000024315,ENSGALG00000024315,0,0,0,0,0,#DIV/0!,"START_END, DMRT3, Six1, Klf7, Pbx, Tax_CREB.1, Tax_CREB.2, CREB_ATF, Six1-optimised, WT1"
1-1704,1,166341252,166341529,gga-mir-6555,ENSGALG00000028640,0,0,0,0,0,#DIV/0!,"START_END, Rfx3, Tcf7l2, Six1"
4-651,4,10551776,10552053,gga-mir-1750,ENSGALG00000025286,0,0,0,0,0,#DIV/0!,"START_END, Tcfap2c, Six1-optimised, Tcfap2e, NFKB1, Six1, GLI, Ikaros, Six4"
Z-1242,Z,62850758,62851035,NA,NA,NA,NA,NA,NA,NA,#VALUE!,"START_END, Six1, NR3C1, Pitx1"
5-747,5,50631741,50632018,KIF26A,ENSGALG00000011581,0,4.2091,35.9729,46.786,51.1946,#DIV/0!,"START_END, Six1, Rfx3, Hoxc9, Irx2, Tcf7l2, Irx4, Six1-optimised, SALL1, Nr2e3, Gata3.2, Hmx3, DMRT3"
Z-305,Z,17749757,17750034,NA,NA,NA,NA,NA,NA,NA,#VALUE!,"START_END, RoRalpha, Emx2, Gbx2, TEAD1, SALL1, Hoxa2, Hoxa1, Pou2f1, Lhx4, Six1-optimised, PPARG"
Z-998,Z,39965220,39965497,NA,NA,NA,NA,NA,NA,NA,#VALUE!,"START_END, SALL1, Irx5, Irx2, Sox13, Six1-optimised, Irx4, PLZF, Etv6, Sox5, Osf2, RUNX1, Nr2e3, RREB1, Hmx3, NR3C1"
4-1630,4,68626316,68626593,gga-mir-6586,ENSGALG00000029071,0,0,0,0,0,#DIV/0!,"START_END, RREB1, Hdx, CREB_ATF, Sox13, Tcf7l2, Six1-optimised, Pou2f1, Sox5, Sox8, Pax6.2"
13-63,13,7136161,7136438,gga-mir-146a,ENSGALG00000018267,0,0,0,0,0,#DIV/0!,"START_END, Six1, Sox13, Sox8, Arnt, SALL1, Sox5, Six4, Osf2, Otx2, Hdx, Max, Pitx2, Pou2f1, TEAD1"
Z-1044,Z,64125625,64125902,NA,NA,NA,NA,NA,NA,NA,#VALUE!,"START_END, WT1, HIF1, TFAP2A, Zic3, Znf143, Ikaros, Pbx, Six1"
7-640,7,33868256,33868533,U1,ENSGALG00000017938,0,0,0,0,0,#DIV/0!,"START_END, Six1, PLZF, Arnt, AP1.1, Foxk1, Hbp1, Gata5, Ikaros"
4-942,4,21786321,21786598,ENSGALG00000025761,ENSGALG00000025761,0,0.312039,0,0,0,#DIV/0!,"START_END, TEAD1, Sox6, Alx4, Sox2, Lhx9, STAT1, Pou2f1, Sox3, Lmx1b, STAT, Lmx1a, Lhx5, Emx2, RBP-Jkappa, Prrx1, Sox13, Pax6.2, PR, Hmbox1, Six1-optimised"
1-1852,1,83377761,83378038,SCYC1,ENSGALG00000015235,0,0,0,0,0,#DIV/0!,"START_END, Hmx3, Otx2, Hmx1, Emx2, Pitx1, Tcfap2b, Six1-optimised"
Jan-56,1,50894185,50894462,PICK1,ENSGALG00000019313,12.9435,14.2945,17.334,24.9941,23.9554,1.931015568,"START_END, STAT1, RREB1, DMRT3, PLZF, Six1-optimised, NFATC2, FOXO3"
2-345,2,89403543,89403820,NR4A3,ENSGALG00000013568,0.44793,0.421525,0.572568,0.860884,1.88347,1.921916371,"START_END, Zic3, Klf7, Bach2, Pax2, Pax-2, AhR, Six1-optimised, Arnt, WT1, HIF1, TFAP2A, RXRA, Nr2f2, ESR2, RoRalpha, SALL1, AP1.1, TTF-1_Nkx2-1_, Ar, Max, Gata3.2, CHX10_vsx2_"
Feb-80,2,42567180,42567457,CPNE4,ENSGALG00000011613,2.42566,9.89559,5.02336,4.63027,5.25995,1.908870163,"START_END, Hoxa1, Six1, Sox3, Znf143"
4-1204,4,5201432,5201709,PCDH19,ENSGALG00000006822,12.9308,39.2323,19.2125,24.6672,37.046,1.907631392,"START_END, Six4, Six1-optimised, Znf143, Six1, HIF1, Tcfap2c"
6-975,6,26667823,26668100,TCF7L2,ENSGALG00000008883,8.5895,13.0495,15.8896,16.3708,21.0176,1.905908377,"START_END, Hbp1, Bach2, RFX, AP1.1, TEAD1, Six1-optimised, Foxk1, Hoxc9, Irf6, RUNX1"
7-816,7,7509851,7510128,MYO1B,ENSGALG00000007712,7.64236,7.88096,10.8648,14.564,18.122,1.905694053,"START_END, Hmbox1, Six1-optimised, Dmbx1, Gata5, Ar, Tcf1"
7-274,7,7517105,7517382,MYO1B,ENSGALG00000007712,7.64236,7.88096,10.8648,14.564,18.122,1.905694053,"START_END, Hoxa1, Hoxa2, Six4, CHX10_vsx2_, Sox3, Ikaros, Lhx4, Dlx5, Sox6, Hlxb9, Pitx2, Hmx3, Emx2, Otx2, Six1, Six1-optimised"
Oct-33,10,7391044,7391321,PRTG,ENSGALG00000004361,108.581,55.5054,204.525,205.172,216.573,1.889575524,"START_END, Pax6.2, Pou2f1, Dlx5, Hoxa2, Bbx, Znf143, Sox13, Pax7, Sox5, Lhx9, Sox2, Hoxa1, Gbx1, Hlxb9, Sox30, Six1-optimised, Sox8, RXRA, Lhx4, Lmx1a"
10-157,10,7351652,7351929,PRTG,ENSGALG00000004361,108.581,55.5054,204.525,205.172,216.573,1.889575524,"START_END, Hbp1, TEAD1, Foxk1, Six1-optimised, Gata5, Six4, Bbx, Sox5, Sox13, ESR2"
Dec-69,12,16676973,16677250,PDZRN3,ENSGALG00000007819,6.64913,4.82736,7.04084,12.5436,7.81886,1.886502445,"START_END, RBP-Jkappa, Six1-optimised, Tcfcp2l1, Pbx, Mtf1, Tcfap2e"
12-415,12,4449807,4450084,VGLL4,ENSGALG00000004937,29.7053,60.6679,74.1591,55.4463,66.1426,1.866545701,"START_END, Irx4, Irx2, Irx5, Pax6.2, Six1-optimised, Sox30, Hoxc9, Pou2f1, Foxk1, Lhx9, Rfx3, Sox8, Lhx5, Prrx1, DMRT3, Six4, Nr2f2, SALL1"
5-1017,5,53987956,53988233,ENSGALG00000011889,ENSGALG00000011889,1.21319,3.09813,2.05899,2.24163,0.944326,1.847715527,"START_END, Tax_CREB.1, Tax_CREB.2, Sox3, EBF, Six1-optimised, EBF1, Pax2, Ikaros, Arnt, Foxk1"
13-285,13,10385787,10386064,CLINT1,ENSGALG00000003702,30.9995,46.4742,58.3739,55.5002,59.0855,1.790357909,"START_END, EBF, Sox2, Sox6, EBF1, Six1-optimised, STAT"
Feb-27,2,66261851,66262128,SLC22A23,ENSGALG00000012816,6.07912,10.4901,11.6971,10.6647,10.3949,1.754316414,"START_END, Sox13, Six1-optimised, Sox5, Sox8, Hmx3, RXRA, CIZ, Pax6.1, Pitx1, Six4, Pitx2, Hmx1, PR, Otx2, RREB1, TEAD1, Hbp1, Dmbx1"
5-803,5,22985327,22985604,"DGKZ,gga-mir-6706",ENSGALG00000008380,21.4639,13.7886,40.1905,37.5736,42.7448,1.750548596,"START_END, Otx2, Pitx2, Pitx1, Dlx5, Dmbx1, HIF1, Six1-optimised, Hlxb9, Hoxa2, Gata5, Hoxa1, Lhx4, Gbx1"
Feb-45,2,121379184,121379461,SNX16,ENSGALG00000015794,6.47336,13.0637,11.0476,10.9305,10.0844,1.688535784,"START_END, Six1, RXRA, Gata5, Nr2f2, SALL1, EBF1, Tcfcp2l1"
1-1706,1,170736114,170736391,FREM2,ENSGALG00000017041,2.15692,6.88883,4.391,3.64058,8.90542,1.687860468,"START_END, Six1-optimised, Pax7, Tcfap2b"
Jan-34,1,170800300,170800577,FREM2,ENSGALG00000017041,2.15692,6.88883,4.391,3.64058,8.90542,1.687860468,"START_END, Bbx, Sox2, Tcf7l2, Foxk1, Hmx3, Prrx1, Sox6, FOXO3, Six1-optimised, Hmx1, Sox3, Hoxc9, PLZF, Lmx1a, Pitx1, Emx2, PR, Hoxa2, Lhx4, Lmx1b"
Jan-95,1,37786063,37786340,KRR1,ENSGALG00000010227,27.3361,40.3676,41.3715,45.3673,41.0774,1.659611283,"START_END, Dmbx1, Otx2, Six1-optimised, Pitx2, Pitx1, Hoxa1, Hoxa2"
4-401,4,42624827,42625104,GALNT7,ENSGALG00000010744,16.5036,21.5879,25.3384,27.1755,34.9812,1.646640733,"START_END, PLZF, Hdx, Mrg1, Lmx1a, Six1-optimised, Irf6, FOXO3"
Apr-99,4,38857526,38857803,ACSL1,ENSGALG00000010628,23.5844,49.5042,37.3654,38.4775,34.5522,1.631480979,"START_END, Znf143, WT1, Six4, RBP-Jkappa, RoRalpha, Nr2f2, Tcfap2e, STAT1, Hoxa2, Tcfap2c, Lhx4, Six1, Prrx1, Hdx"
Jan-90,1,14694026,14694303,LAMB1,ENSGALG00000007905,215.715,252.671,320.906,349.783,326.902,1.621505227,"START_END, TEAD1, Bbx, Sox3, Tcfap2c, PLZF, Six1-optimised, Mrg1, Tcf7l2, Sox6, Tcfap2e, Tcfap2b, Sox2, Sox8, SALL1, Foxk1, Sox5, ESR2, Sox13"
1-289,1,102084930,102085207,APP,ENSGALG00000015770,176.015,212.281,300.825,281.58,246.851,1.599750021,"START_END, GLI, Six1-optimised, Max, Sox3"
4-715,4,85613462,85613739,ENSGALG00000020108,ENSGALG00000020108,0.615259,1.79696,1.92559,0.980572,1.5892,1.593754825,"START_END, Irx2, Irx5, Irx4, Six1-optimised, Foxk1, Hoxa1, FOXO3, Six1, CHX10_vsx2_, Sox8, RUNX1, PPARG, Osf2, Sox5"
1-851,1,134760251,134760528,C2ORF40,ENSGALG00000016800,4.89835,1.61084,5.48733,7.80245,7.52918,1.59287311,"START_END, Six1-optimised, TEAD1, Osf2, SALL1, NFATC2, Lmx1a, Hdx, TFAP2A, Lmx1b"
1-557,1,134730151,134730428,C2ORF40,ENSGALG00000016800,4.89835,1.61084,5.48733,7.80245,7.52918,1.59287311,"START_END, Sox2, Sox30, Six1-optimised, Arnt, Zic3, Mtf1, FOXO3, Ets, Sox6, AR"
2-599,2,111501087,111501364,-,-,65.3026,8.11194,28.6735,103.656,109.965,1.587318116,"START_END, TFAP2A, Six1"
5-1309,5,24227027,24227304,TYRO3,ENSGALG00000008631,20.7489,30.9783,34.5305,32.6342,31.4651,1.572815908,"START_END, Sox6, Sox13, HIF1, Pax6.1, Six1, Max, Hmbox1, Pax2, Arnt, Tcf1, Six1-optimised, Sox8"
6-504,6,25385210,25385487,MXI1,ENSGALG00000008555,8.76082,9.54119,12.1806,13.7515,13.4814,1.569659005,"START_END, Six1-optimised, AR, Rfx3, RoRalpha, Sox13, NR3C1, PR, PLZF, Ikaros, Six1, Sox30, Pitx2, AP1.2, Otx2, Tax_CREB.1, Tax_CREB.2, Hlxb9, Sox6"
Jan-55,1,44194698,44194975,BTG1,ENSGALG00000011276,120.907,81.8934,163.94,189.363,152.182,1.566187235,"START_END, AP1.2, Bach2, Six1-optimised, AP1.1, NFATC2"
1-585,1,30613886,30614163,ANO6,ENSGALG00000009638,0.714474,4.18854,2.28839,1.10228,1.14383,1.542785322,"START_END, Pitx2, Ikaros, Irx4, Otx2, Irx2, DMRT3, Irx5, Sox2, CIZ, GATA3.1, Pitx1, Six1-optimised, PR, Mafb, Rfx3"
1-1772,1,30616825,30617102,ANO6,ENSGALG00000009638,0.714474,4.18854,2.28839,1.10228,1.14383,1.542785322,"START_END, Pitx1, Sox13, Pitx2, Otx2, Sox6, Dmbx1, Sox5, Six1, Mybl1, AR, PR, Sox2, WT1"
Jun-40,6,16554812,16555089,CUEDC2,ENSGALG00000005687,16.7021,10.8558,14.1483,25.7325,28.5666,1.540674526,"START_END, Gata3.2, Six1-optimised, EBF, Hoxc9, Lmx1b, Lmx1a, EBF1, SALL1, Tcfap2b, Gata5"
9-298,9,7758564,7758841,AP1S3,ENSGALG00000005171,127.994,318.997,237.412,192.966,112.199,1.507617545,"START_END, Alx4, Prrx1, Gbx2, Lmx1b, Lhx5, Emx2, Lhx9, SALL1, Pou2f1, Gata3.2, Hlxb9, Lmx1a, Hoxa1, Sox3, Pax7, FOXO3, Lhx4, RREB1, Six1, Hmbox1, Pax6.2, RXRA, CHX10_vsx2_, Foxk1, Gbx1, Sox2, Dlx5, Arnt, PLZF"
Sep-58,9,7768014,7768291,AP1S3,ENSGALG00000005171,127.994,318.997,237.412,192.966,112.199,1.507617545,"START_END, Six1-optimised, TEAD1, GATA3.1"
3-1183,3,47428332,47428609,C3H6ORF72,ENSGALG00000012370,2.84657,3.22437,3.42064,4.26869,4.0111,1.499590736,"START_END, CHX10_vsx2_, Hoxa2, Hoxa1, Gbx1, Gbx2, Pbx, RUNX1, Six1-optimised, Hlxb9, Hbp1, Sox6, Lmx1a, Alx4, Dlx5, RBP-Jkappa, Prrx1, NFATC2"
1-1482,1,144645175,144645452,MBNL2,ENSGALG00000016890,1.73702,2.39824,2.59022,2.52366,2.89725,1.452867555,"START_END, HIF1, Six1-optimised, Gata3.2, Gata5, RUNX1, TEAD1, Mafb, STAT1, Pax6.1"
1-591,1,61074462,61074739,ADIPOR2,ENSGALG00000013000,37.848,31.5553,54.1855,54.956,56.7268,1.452018601,"START_END, Six1-optimised, Etv5, TEAD1, Sox2, Erg, Elk4, Etv4, AR, Ikaros, PLZF, Sox6, Ar, Hmx3, Tcfap2b"
Sep-72,9,7204132,7204409,EPHA4,ENSGALG00000005256,37.1796,42.2795,32.9692,53.8313,128.634,1.447871951,"START_END, Pou2f1, TEAD1, PR, Nr2f2, Six1, Hoxa2, Irf6, Hoxa1, Pax6.1, Pax2"
2-776,2,26724539,26724816,NM_001012558,NM_001012558,0.651019,0.386386,1.11423,0.938784,1.09833,1.442022429,"START_END, FOXP1, Mrg1, CIZ, Gata5, Gata3.2, Foxk1, Six1-optimised, Hoxc9"
2-789,2,55515218,55515495,SLC12A7,ENSGALG00000012497,9.70251,11.2466,12.9758,13.9772,13.2434,1.440575686,"START_END, CREB_ATF, Pou2f1, Lhx4, SALL1, CHX10_vsx2_, Pax-2, Gbx1, Gbx2, Six1-optimised, Mybl1, Pax7, Pax6.2, PR, CREB.1, Prrx1, Tcf7l2, Sox6, Lmx1b"
6-467,6,6603644,6603921,LRRTM3,ENSGALG00000002864,0.383741,0.52714,0.0597073,0.548322,3.50124,1.428885629,"START_END, RFX, Osf2, Gata3.2, Six1-optimised, EBF"
9-235,9,16000733,16001010,ATP11B,ENSGALG00000008839,17.1398,26.4836,22.0671,24.0837,29.6677,1.405133082,"START_END, Rfx3, Six1-optimised, Pitx2, Sox3, RUNX1, Hmbox1"
7-519,7,22561359,22561636,IGFBP5,ENSGALG00000011468,11.2639,3.96615,9.70182,15.7234,10.4151,1.39591083,"START_END, EBF, Znf143, RoRalpha, EBF1, Six1-optimised, NFATC2, WT1"
3-111,3,105967459,105967736,KIF13B,ENSGALG00000016639,6.8905,11.4622,10.585,9.57134,7.7726,1.389063203,"START_END, Sox8, Max, Six1, Sox5, Irf6, Sox13, Etv1, Sox3, TTF-1_Nkx2-1_, HIF1, SALL1"
9-450,9,19062775,19063052,TNIK,ENSGALG00000009298,17.8317,12.2969,29.5984,24.3686,22.6277,1.366588716,"START_END, Six1-optimised, Hbp1, Sox30, NFKB1, NFATC2, REST"
20-35,20,8278445,8278722,RPS21,ENSGALG00000005338,3956.62,1872.74,3377.21,5357.78,5553.28,1.354130546,"START_END, Six1-optimised, FOXO3, Pax6.2, Hmbox1, Lhx5, STAT1, AP1.2, Irx2, Irx5, CIZ, Prrx1, Tcf7l2, AR, Tax_CREB.1, Tax_CREB.2, Mybl1, SALL1, Lmx1b, Irx4, Six1, WT1"
2-1424,2,48602018,48602295,FKBP9,ENSGALG00000012193,86.9764,102.151,113.085,117.642,104.887,1.352573802,"START_END, Sox8, SALL1, TEAD1, Sox13, Six1-optimised, Sox5, Hdx, Pax6.2, Lhx9, RBP-Jkappa, Pbx, STAT1, Hoxc9"
Jan-09,1,56183577,56183854,HIPK2,ENSGALG00000012792,24.2876,16.5463,29.0256,32.4044,38.5142,1.334195227,"START_END, Tcfap2b, Six1-optimised, Six1, Nkx2-5, Tcfap2c, Sox13"
11-424,11,1999044,1999321,CFDP1,ENSGALG00000002853,70.7256,42.454,82.2169,93.8784,80.4647,1.327360956,"START_END, STAT, Sox6, STAT1, Sox30, Six1, Gata5, Hmbox1, AR, Sox3"
17-139,17,8648607,8648884,TTLL11,ENSGALG00000001389,4.92188,9.70851,6.85135,6.52116,6.75289,1.324932749,"START_END, Ar, Tcf7l2, Irf6, DMRT3, PR, Foxk1, Six1, Irx2, Hdx, FOXO3"
Dec-47,12,14591098,14591375,KBTBD8,ENSGALG00000007569,9.87158,18.0195,11.2468,13.0227,11.481,1.319211312,"START_END, Sox6, Mrg1, Znf143, Bbx, Pitx2, Rfx3, Dmbx1, Nr2e3, Pitx1, Otx2, Six4, FOXO3, Six1-optimised"
5-337,5,15047328,15047605,CD151,ENSGALG00000006856,31.0992,28.0541,36.3306,40.1996,34.1126,1.292624891,"START_END, Six1-optimised, Hbp1, RoRalpha, RUNX1, CREB_ATF, Sox3"
10-114,10,14087943,14088220,-,-,25.9207,13.2426,47.9617,33.3767,15.386,1.287646553,"START_END, Gbx2, Prrx1, Dlx5, Hlxb9, Pax6.2, Lhx4, Six1-optimised, Alx4, Pax7"
5-1049,5,8679482,8679759,SWAP70,ENSGALG00000005750,9.39334,10.689,9.36851,12.0741,15.948,1.285389435,"START_END, Six1-optimised, SALL1, Six1, STAT1, Erg, Mrg1, Gata3.2, Pou2f1, Lmx1a"
5-247,5,42762375,42762652,FOXN3,ENSGALG00000010665,3.18271,6.55202,2.88915,4.08243,5.47042,1.282689909,"START_END, Hmbox1, Irx2, Six1, Sox3, Irx5, Hdx, Alx4, Lhx9, Pax7, Irx4, SALL1, Hoxa2, Six1-optimised, Sox2, Irf6, Lmx1b, Hoxc9, Sox5"
1-1060,1,122449785,122450062,TCEANC,ENSGALG00000016581,1.3901,0.840886,1.42349,1.78249,1.33078,1.282274656,"START_END, Osf2, EBF, EBF1, Lhx4, RUNX1, Six1, Etv6, Znf143"
Apr-21,4,5103527,5103804,ATP11C,ENSGALG00000006623,36.8522,91.9876,53.8771,47.1309,54.5327,1.278916862,"START_END, RXRA, TEAD1, Six1-optimised, ESR2, NFATC2"
5-415,5,12749191,12749468,KCNQ1,ENSGALG00000006472,1.18997,1.57607,1.28145,1.52003,1.44369,1.277368337,"START_END, FOXP1, Mtf1, Gata3.2, Nr2f2, Six1-optimised, Foxk1, Gata5"
4-448,4,29980978,29981255,GAB1,ENSGALG00000009898,8.31827,8.3666,11.3881,10.6251,11.6192,1.277320885,"START_END, DMRT3, Six1-optimised, EBF, Mtf1, Tcfap2e, TFAP2A, Tcfap2c"
3-1188,3,53924060,53924337,TNFAIP3,ENSGALG00000013861,1.38224,2.1611,2.43858,1.76436,2.22206,1.276449821,"START_END, Foxk1, Six1-optimised, TEAD1, FOXO3, Rfx3, Tcf7l2, Six1, PLZF, Hoxc9, Lmx1b, ESR2, Lmx1a, Lhx5"
Jan-75,1,6759302,6759579,FRMD4A,ENSGALG00000006656,8.89514,6.56649,13.104,11.1788,21.7668,1.256731204,"START_END, Lmx1a, Lmx1b, Pax6.2, Hbp1, Six1-optimised, Pou2f1, TEAD1, Lhx9, Prrx1, Lhx5, SALL1, Dmbx1, Sox8, Pitx1, Ets, RBP-Jkappa, Alx4, Pax7, Sox2"
11-329,11,13944184,13944461,ENSGALG00000026756,ENSGALG00000026756,34.0865,23.7995,36.2794,42.7369,27.2601,1.253777889,"START_END, NR3C1, Mafb, Ar, Hmx3, Six1, Mtf1"
11-117,11,14059928,14060205,ENSGALG00000026756,ENSGALG00000026756,34.0865,23.7995,36.2794,42.7369,27.2601,1.253777889,"START_END, RREB1, Osf2, Gata3.2, Hoxc9, Lhx4, SALL1, Lmx1a, Tax_CREB.1, Tax_CREB.2, Six1, NR3C1, Lmx1b, WT1"
6-152,6,12591898,12592175,RPS24,ENSGALG00000004871,2491.48,1785.36,2537.13,3096.62,2624.53,1.242883748,"START_END, Otx2, Pitx2, Etv4, Pbx, Etv5, Six1-optimised, Erg, GATA3.1, Klf7, Etv1, Elk4, Ehf, Hmx1, Irx2, Znf143, Dmbx1, Pitx1"
2-310,2,31373770,31374047,IGF2BP3,ENSGALG00000010961,174.87,246.305,244.001,216.896,255.555,1.2403271,"START_END, TEAD1, WT1, Sox3, EBF, Sox6, Tcfap2e, Ar, Six1"
9-591,9,3106727,3107004,MAP3K13,ENSGALG00000006655,2.12864,3.19867,2.46959,2.59698,2.40267,1.220018416,"START_END, Six1, Etv5, Lmx1b, Lmx1a, PR, Etv6, Elk4, Erg, Lhx5, Foxk1, EBF, Etv4, Tcf7l2"
8-460,8,7122922,7123199,CACYBP,ENSGALG00000004554,40.5239,42.1857,50.4438,47.9635,40.7376,1.183585489,"START_END, Six1, Ikaros, Mafb, Znf143, Gata5, GLI, Six1-optimised, Sox3"
7-349,7,233011,233288,PMS1,ENSGALG00000002348,10.1609,12.1979,10.6727,11.8231,10.2443,1.163587871,"START_END, Lmx1b, Pou2f1, Hoxa1, Irx2, Irx5, Lmx1a, Lhx5, Hoxa2, Irx4, Pax7, Six1-optimised, Lhx4, Pitx2, Alx4, Hmbox1, Prrx1, Pax6.2, Pitx1, Sox8, Bbx, Lhx9, SALL1, Otx2, Foxk1, RFX, Tcf1, Dmbx1, Hlxb9, Hbp1, Rfx3, Hoxc9, Gbx1, Emx2, CHX10_vsx2_, ESR2, DMRT3, Gbx2, Sox13, PLZF, RUNX1, Gata3.2, Mybl1"
7-719,7,21123487,21123764,RBMS1,ENSGALG00000011132,35.9731,47.9347,49.0875,41.6965,54.4206,1.159102218,"START_END, Six1-optimised, CIZ, STAT1, Lmx1a, Foxk1"
4-906,4,75478313,75478590,NCAPG,ENSGALG00000014425,33.2411,40.7002,40.7113,38.1335,36.125,1.147179245,"START_END, Tcfcp2l1, Six1-optimised, NFKB1, Sox2, Sox3, Irf6, Tax_CREB.1, Tax_CREB.2"
1-339,1,143909427,143909704,UBAC2,ENSGALG00000016880,31.3597,27.2774,38.2057,35.8629,35.1448,1.143598312,"START_END, Sox2, Sox5, Sox13, Bbx, Six1-optimised, TEAD1, Sox8, CREB_ATF, Pitx1, SALL1, DMRT3, Hbp1"
7-111,7,28243587,28243864,INSIG2,ENSGALG00000028046,15.0266,20.4101,14.1415,17.089,16.6802,1.137249943,"START_END, Six1-optimised, Sox6, DMRT3, Gata5, WT1"
7-952,7,28244612,28244889,INSIG2,ENSGALG00000028046,15.0266,20.4101,14.1415,17.089,16.6802,1.137249943,"START_END, Lmx1b, Pou2f1, Lmx1a, Hoxa1, Pax7, Lhx5, Alx4, Pax6.2, Pax6.1, Sox8, Lhx9, Prrx1, Tcf1, Hdx, Mtf1, Sox13, Tcf7l2, Hoxa2, Gata3.2, CHX10_vsx2_, Irx2, Six1, Gata5, Irx4, Zic3"
12-405,12,1413023,1413300,HYAL2,ENSGALG00000002138,53.6879,58.3241,62.1162,60.9291,51.3028,1.134875829,"START_END, Hoxc9, PPARG, Hmx1, Mybl1, Six1-optimised"
12-344,12,5811872,5812149,FBLN2,ENSGALG00000005120,59.9703,41.4122,86.4707,67.7697,53.5675,1.130054377,"START_END, Pax7, Pou2f1, CHX10_vsx2_, Pax6.2, Pax-2, Gbx1, Hoxa2, Alx4, Lmx1b, Hlxb9, Hoxa1, Gbx2, Lmx1a, RoRalpha, Emx2, Six4, Arnt, Lhx4, Sox6, Prrx1, RFX, Ehf, Gata5, Gata3.2, Six1-optimised"
Dec-49,12,5805192,5805469,FBLN2,ENSGALG00000005120,59.9703,41.4122,86.4707,67.7697,53.5675,1.130054377,"START_END, Gata3.2, Six1, Six4, Gbx1, DMRT3, Hoxa2, Six1-optimised, Hoxc9, Lhx4, Gbx2, Hlxb9, Hoxa1"
5-356,5,42394036,42394313,ZC3H14,ENSGALG00000010622,26.5142,24.7231,31.5567,29.915,31.949,1.128263346,"START_END, RUNX1, TEAD1, Six4, Erg, Ets, Etv6, Etv5, FOXO3, Six1, Bach2, AP1.2, DMRT3, Irf6, RoRalpha, Nkx2-5, Rfx3"
5-391,5,35246513,35246790,CFL2,ENSGALG00000010027,109.865,79.8922,121.803,121.92,117.854,1.109725572,"START_END, Bach2, AP1.1, Six1-optimised, AP1.2, PLAG1, Ar"
10-158,10,7536431,7536708,-,-,53.8383,39.9639,48.7354,59.6495,40.2973,1.107938029,"START_END, Mrg1, TEAD1, Six1, Znf143"
12-398,12,19402147,19402424,THUMPD3,ENSGALG00000008394,82.1472,69.6961,95.9141,90.3322,84.7966,1.09963821,"START_END, Six1-optimised, Foxk1, Sox3, Sox2, Hbp1, Bbx, Pbx"
Jan-36,1,51733118,51733395,RBFOX2,ENSGALG00000012540,22.8061,23.7058,33.309,24.6423,38.5138,1.080513547,"START_END, PLZF, HIF1, ESR2, Six1-optimised, Sox2"
1-824,1,87687308,87687585,-,-,23.537,6.2695,38.6581,25.1372,3.20159,1.067986574,"START_END, SALL1, Tcfap2e, Six1-optimised, Tcfap2c"
4-1086,4,28934126,28934403,MAML3,ENSGALG00000009809,9.90715,6.83171,7.24933,10.5632,14.2455,1.066219851,"START_END, Six1, Dlx5, Irx4, Hoxa2, Sox5, TEAD1, Hoxa1, Sox13"
Jan-92,1,72337779,72338056,CDKN1B,ENSGALG00000022980,23.5097,18.83,22.8923,24.6502,29.2476,1.048511891,"START_END, Mybl1, Sox2, Nkx2-5, RXRA, PLZF, Six1, Sox13"
9-124,9,7548679,7548956,ACSL3,ENSGALG00000005206,22.3913,30.6448,29.1916,23.4683,25.3563,1.048099038,"START_END, Klf7, Rfx3, Six1-optimised, CREB.2, Tcf1, Six4, Mtf1, Hoxc9, Mybl1, Pax-2, Znf143"
2-986,2,37627629,37627906,-,-,27.5329,21.7159,23.7545,28.6254,22.1907,1.039679801,"START_END, Emx2, Sox13, Sox5, CHX10_vsx2_, Alx4, Prrx1, DMRT3, Hoxa1, Dlx5, Hlxb9, Six1, Pou2f1, Hoxa2, Lhx5, Gbx2, Pax6.1, Sox8, Pax7, Pax6.2, PR, Lhx9, Irf6, Hoxc9, Lhx4, Sox2"
3-691,3,101307837,101308114,PUM2,ENSGALG00000016481,33.0866,48.0631,34.949,34.3317,36.8195,1.037631549,"START_END, Nr2f2, Foxk1, Hlxb9, Hoxa1, RoRalpha, Dlx5, Hoxa2, Six1, Nr2e3, Hmx3, Gbx1, RXRA"
9-687,9,17338654,17338931,TBL1XR1,ENSGALG00000013837,14.8258,14.9458,15.209,15.3622,22.9513,1.036180172,"START_END, Max, Hoxa2, Six4, Pou2f1, RREB1, Six1-optimised, Arnt, Hoxa1, NR3C1, RoRalpha, GLI, HIF1"
6-794,6,29653920,29654197,GRK5,ENSGALG00000009403,0.334616,0.461555,0.412484,0.346533,0.300264,1.035613957,"START_END, Hbp1, HIF1, AR, Hoxc9, Nkx2-5, AP1.1, Bach2, Six1-optimised, NFATC2, FOXO3, Six1"
2-913,2,111630176,111630453,FAM110B,ENSGALG00000015424,12.6258,9.78726,10.6701,13.0217,12.9667,1.031356429,"START_END, Emx2, Hoxa1, Pou2f1, Foxk1, Pax6.1, Hoxa2, Nr2e3, Pax-2, Six1-optimised, Pitx2, Dmbx1"
5-1023,5,1972301,1972578,NAV2,ENSGALG00000003999,12.0571,46.1073,16.4955,12.3378,16.3378,1.023280888,"START_END, TEAD1, Sox2, FOXO3, Foxk1, Mafb, Pitx1, DMRT3, NR3C1, PR, Pax6.1, Six1, RBP-Jkappa, NFATC2"
10-395,10,4977355,4977632,OTUD7A,ENSGALG00000003802,3.26296,4.54385,4.16114,3.32403,3.51629,1.018716135,"START_END, Six1-optimised, Arnt, GLI, Six1, Pax2, Max"
8-156,8,3860215,3860492,ENSGALG00000002749,ENSGALG00000002749,26.6715,37.278,37.7309,27.1478,31.9685,1.017858013,"START_END, Six1-optimised, Sox5, Sox13, Tax_CREB.1, Tax_CREB.2"
3-1144,3,31335272,31335549,NANP,ENSGALG00000023188,9.04373,10.9446,9.0574,9.1791,9.55209,1.014968381,"START_END, WT1, Six1-optimised, GLI, TFAP2A"
Jan-40,1,106487701,106487978,DYRK1A,ENSGALG00000016053,9.22267,16.4237,11.5246,9.34896,15.6642,1.013693432,"START_END, Six1-optimised, RREB1, Sox2, Sox30, GLI"
1-1430,1,65380406,65380683,ENSGALG00000019276,ENSGALG00000019276,0.426153,0.0982219,0.0767333,0.431955,0.152547,1.013614828,"START_END, Six1-optimised, Tcf1, Six1, Hmbox1, Sox3, Six4, Foxk1, RBP-Jkappa, Otx2"
13-382,13,12880268,12880545,LTC4S,ENSGALG00000011450,1.24976,2.14075,0.72735,1.26221,0.499712,1.009961913,"START_END, Gata5, RREB1, Pax2, Ikaros, Six1-optimised, Pax-2, Gata3.2, Arnt, AR, Hbp1, Tax_CREB.1, Tax_CREB.2"
1-637,1,39488517,39488794,PAWR,ENSGALG00000010320,23.8506,72.8988,27.7374,24.0525,24.8662,1.008465196,"START_END, FOXP1, Lhx4, Pax7, Gata3.2, PLZF, NR3C1, Prrx1, Sox2, Gata5, Six1-optimised, Mafb, CREB.2, Lmx1a, CIZ, Pou2f1"
1-708,1,39393428,39393705,PAWR,ENSGALG00000010320,23.8506,72.8988,27.7374,24.0525,24.8662,1.008465196,"START_END, TEAD1, Hoxc9, Hmbox1, Gata5, Six1, Arnt"
3-106,3,59645664,59645941,RNF217,ENSGALG00000013651,6.09513,11.7596,4.2901,6.11041,4.88671,1.002506919,"START_END, RREB1, Sox3, Foxk1, Six1-optimised, Sox2, TEAD1"
13-402,13,15893869,15894146,RAPGEF6,ENSGALG00000006569,13.0103,14.6877,15.212,13.0342,16.2794,1.001837006,"START_END, AP1.1, RREB1, AP1.2, Bach2, Six1-optimised, Sox6, Irx2, Tax_CREB.1, Tax_CREB.2, Irx5, PLZF, CHX10_vsx2_, Six1, PR, Irx4, Hoxa2"
13-302,13,15762889,15763166,RAPGEF6,ENSGALG00000006569,13.0103,14.6877,15.212,13.0342,16.2794,1.001837006,"START_END, Lmx1b, AR, Lhx5, Lmx1a, Alx4, Pax7, Pitx1, Pou2f1, Pax6.2, Emx2, Lhx4, Lhx9, Hdx, Bach2, Pitx2, Otx2, NFATC2, Tcfap2b, Sox8, Six1-optimised"
10-467,10,16311185,16311462,IGF1R,ENSGALG00000007039,15.0197,11.1908,13.213,15.023,16.4575,1.000219711,"START_END, REST, TEAD1, Six1-optimised, Ikaros, RREB1, Osf2"
10-150,10,16243580,16243857,IGF1R,ENSGALG00000007039,15.0197,11.1908,13.213,15.023,16.4575,1.000219711,"START_END, NR3C1, Six1-optimised, RREB1, Pax2, HIF1, Irx4, RBP-Jkappa, Sox5"
Jan-86,1,15751406,15751683,ENSGALG00000027995,ENSGALG00000027995,20.3874,16.4133,17.9107,20.0869,28.7601,0.985260504,"START_END, Mtf1, Six1-optimised, Etv5, Erg, PR, Etv4, Pax7, Hmx1, Alx4, SALL1"
Aug-70,8,22567696,22567973,ELAVL4,ENSGALG00000010533,9.27856,6.21981,5.66239,9.05831,10.2084,0.97626248,"START_END, Six1-optimised, Six1, Lhx5, Hbp1, Sox3, Sox8"
7-837,7,10786514,10786791,BZW1,ENSGALG00000008220,338.77,336.227,340.847,325.055,320.687,0.959515305,"START_END, Six1-optimised, Sox6, PLZF, PR, Irx5, Irx4, NFATC2, Rfx3, NR3C1"
Feb-74,2,60969825,60970102,JARID2,ENSGALG00000012702,30.5309,50.5562,29.3103,29.2227,27.3581,0.957151607,"START_END, SALL1, Foxk1, Tcfap2b, Irx4, Six1-optimised, Irx5, Nr2e3, AhR, STAT1"
8-144,8,5168504,5168781,"GLUL,NM_205493",NM_205493,36.297,50.9599,48.5022,34.7149,30.8009,0.956412376,"START_END, PR, RBP-Jkappa, PPARG, Irf6, Tcfap2e, RXRA, EBF1, Six1-optimised"
6-109,6,22084385,22084662,HPS6,ENSGALG00000020741,17.3056,13.5742,17.3012,16.5305,16.0498,0.95521103,"START_END, Gata3.2, Six1-optimised, Arnt, Sox3, Gata5, Ar, Nr2e3"
3-1082,3,84913890,84914167,PHF3,ENSGALG00000016267,10.3668,14.2704,9.05706,9.89817,12.3116,0.954795115,"START_END, Gata5, Gata3.2, AP1.2, Six1, Sox6, Hbp1, NFATC2, FOXO3, STAT"
3-1163,3,40105462,40105739,PSMB1,ENSGALG00000011174,341.89,303.304,331.293,322.421,240.82,0.943054784,"START_END, ESR2, Osf2, Tcf7l2, Gata3.2, Zic3, Six1-optimised"
1-1745,1,13471361,13471638,KMT2E,ENSGALG00000008167,7.59656,11.8289,9.12542,7.14345,13.3015,0.940353265,"START_END, Pax7, Alx4, Pou2f1, Prrx1, Lmx1b, Lmx1a, Emx2, Lhx5, Hlxb9, CHX10_vsx2_, Hoxa2, Gbx2, Hoxa1, Tcf1, Lhx9, Lhx4, Tax_CREB.1, Tax_CREB.2, Hoxc9, TFAP2A, Hmx1, Hmx3, Sox8, Tcfap2c, Tcfap2e, Pax6.2, STAT1, Gbx1, Six1"
Jan-87,1,13576605,13576882,KMT2E,ENSGALG00000008167,7.59656,11.8289,9.12542,7.14345,13.3015,0.940353265,"START_END, Six4, Six1-optimised, FOXP1, SALL1, Irf6, Six1, Pax6.2, Pbx, Bbx, Hlxb9, Pou2f1, Pax7, NFATC2, Lmx1a, Tcf1, Hmx3, Hoxc9"
Feb-52,2,124052990,124053267,RIPK2,ENSGALG00000015899,3.49,3.2501,3.27127,3.28158,4.10584,0.940280802,"START_END, Bach2, AP1.2, AP1.1, CREB_ATF, Hdx, CREB.2, CREB.1, Etv1, Six1-optimised"
9-299,9,7871650,7871927,FAM124B,ENSGALG00000005118,0.133902,0.1229,0.0446738,0.125848,0.461202,0.939851533,"START_END, Sox3, ESR2, Six1-optimised, FOXO3, Ikaros, Sox6, Irf6, NR3C1, AP1.2, Pax-2, Dmbx1, Six1"
1-848,1,129486465,129486742,RGN,ENSGALG00000016724,128.324,147.032,273.596,119.461,54.0856,0.930932639,"START_END, Six4, PR, Sox6, Sox8, Sox13, Sox3, Six1, NFATC2, Sox5, FOXO3, REST"
17-73,17,6002772,6003049,ABL1,ENSGALG00000003875,38.9427,36.8633,39.3944,35.8821,49.5089,0.921407607,"START_END, Six1-optimised, Arnt, Max, Pax-2, Pitx1, REST, Foxk1"
7-310,7,2661807,2662084,RPE,ENSGALG00000002847,75.1595,54.964,58.5419,69.0626,57.8955,0.918880514,"START_END, TEAD1, Six1, Pou2f1, FOXO3, Irf6, Ikaros"
8-548,8,4169558,4169835,NOTCH2,ENSGALG00000002922,20.0719,34.2287,20.983,18.4035,25.7289,0.916878821,"START_END, Foxk1, Dmbx1, FOXO3, Six1-optimised, Tcf1, CHX10_vsx2_, Arnt, Max, Hoxa1, Pitx1, Gata3.2, PR, Pitx2, Otx2, Gbx2, Gata5"
Jun-35,6,12784744,12785021,DLG5,ENSGALG00000004973,6.00609,6.92869,6.8311,5.50128,6.25927,0.91595031,"START_END, Six1-optimised, Gbx2, Mafb, Gbx1, Ikaros, STAT, Lhx4, GLI, Prrx1, Hmx3"
Jan-61,1,176592801,176593078,SPATA13,ENSGALG00000019077,9.05834,12.6344,8.86595,8.23203,9.27202,0.908779092,"START_END, Sox30, Six1-optimised, Sox6, FOXO3, AP1.2, Nr2f2, Dmbx1, Pou2f1, Sox5"
Apr-13,4,39377905,39378182,WWC2,ENSGALG00000010668,8.42062,16.9211,9.28296,7.63164,8.30067,0.906303811,"START_END, SALL1, STAT, PLZF, STAT1, Gata3.2, Six1, Sox2, NR3C1, Pitx2, Gbx1, RREB1, NFATC2, Dmbx1, Sox8"
Jun-34,6,7301593,7301870,JMJD1C,ENSGALG00000002942,10.9211,17.6195,9.1891,9.88173,10.7745,0.904829184,"START_END, Pax-2, Esrrb, Six1-optimised, Nr2f2, Hmx1, Pax2"
5-481,5,21568005,21568282,PRDM11,ENSGALG00000008053,17.4987,25.3866,22.0066,15.7434,18.2835,0.899689691,"START_END, TEAD1, RFX, Sox30, Six1-optimised, Pitx1, AR"
Feb-17,2,75485344,75485621,MYO10,ENSGALG00000012954,8.62392,10.0784,7.30982,7.72598,8.01438,0.895877977,"START_END, Six1-optimised, Mtf1, NFATC2"
2-1666,2,75507539,75507816,MYO10,ENSGALG00000012954,8.62392,10.0784,7.30982,7.72598,8.01438,0.895877977,"START_END, PR, AR, Irx2, Irx5, Tcf7l2, Irx4, SALL1, NR3C1, Six1-optimised, Sox8, Esrrb, Nkx2-5, Sox13"
Apr-37,4,61469912,61470189,FAT1,ENSGALG00000013579,9.09537,20.6601,9.8248,8.13805,12.2912,0.894746448,"START_END, Lmx1b, SALL1, Sox8, Lmx1a, Lhx5, Pax6.2, Lhx9, Pou2f1, DMRT3, Pax7, Sox5, Foxk1, Sox13, Sox30, Six1-optimised"
12-203,12,11361537,11361814,SETD5,ENSGALG00000006571,25.513,27.8961,19.9545,22.6413,22.5053,0.887441696,"START_END, Ar, NR3C1, ESR2, PLZF, Six1-optimised, Etv6"
3-307,3,93320744,93321021,RPS7,ENSGALG00000016392,911.98,878.643,687.416,803.304,640.685,0.880835106,"START_END, Six1-optimised, Tcf7l2, FOXO3, Gata3.2, Irx5, Pax6.1, DMRT3, Irx2, Sox2, Foxk1, Irx4, STAT1, Sox8"
7-443,7,25327355,25327632,GLI2,ENSGALG00000011630,11.1115,9.27141,8.46346,9.74978,15.882,0.877449489,"START_END, FOXO3, Six4, Pax6.1, Six1, Gata3.2"
1-1149,1,60552654,60552931,WNK1,ENSGALG00000012992,18.0487,20.7206,18.2509,15.8011,25.2796,0.875470255,"START_END, Six1-optimised, Hbp1, Pbx, Hoxc9, Bbx, SALL1, Mrg1, AP1.1, Gata3.2, Gata5, Six4, Pax6.1"
Jan-30,1,54906034,54906311,NT5DC3,ENSGALG00000012734,2.99248,3.20273,1.50212,2.54135,4.09197,0.849245442,"START_END, Six1-optimised, Hbp1, Bbx, Irx4, Irx2, Sox2, Arnt"
2-400,2,85923979,85924256,LPCAT1,ENSGALG00000013189,8.19291,13.3243,9.45072,6.95138,7.52814,0.848462878,"START_END, Osf2, Irx2, Irx4, Irx5, Mrg1, ESR2, RUNX1, Hmx3, Tcfap2b, Six1, TTF-1_Nkx2-1_, Six1-optimised, Hmx1"
10-244,10,7053924,7054201,TCF12,ENSGALG00000004304,224.369,0,247.311,190.351,212.409,0.848383689,"START_END, Six1, DMRT3, Osf2, RREB1, Irf6, RUNX1, NFATC2"
4-318,4,84885471,84885748,NM_001177739,NM_001177739,4.55268,0.0896921,0.325336,3.7518,5.62216,0.824086033,"START_END, Pitx1, Otx2, Pitx2, Six1-optimised, Rfx3"
Jan-64,1,122811558,122811835,TMSB4X,ENSGALG00000026383,2170.38,1859.46,1600.13,1786.87,1631.3,0.823298224,"START_END, RBP-Jkappa, EBF, CREB_ATF, RREB1, Nr2e3, Otx2, Six1, TEAD1"
1-465,1,124499905,124500182,SHROOM2,ENSGALG00000016614,6.91871,7.0159,5.27325,5.69293,6.99617,0.822831135,"START_END, Irf6, Six1-optimised, Pax6.2, Pax-2, Gata5, Hoxa1, FOXO3, Foxk1, Dlx5, Tcf1, Sox13, TEAD1, CHX10_vsx2_, Hoxc9, CREB_ATF, Six1, Ikaros, Otx2, Emx2, CREB.1, CIZ, Hlxb9, Znf143, Pax2, Hmbox1, Tcfcp2l1, Mrg1, Pou2f1"
Jan-03,1,124497873,124498150,SHROOM2,ENSGALG00000016614,6.91871,7.0159,5.27325,5.69293,6.99617,0.822831135,"START_END, Pou2f1, CIZ, Pax6.2, Pax7, Sox30, TEAD1, Lmx1b, Sox6, Lmx1a, Sox8, Lhx5, Hoxa2, Hmx3, Sox5, Sox13, Lhx4, Foxk1, Prrx1, Mafb, SALL1, Hoxa1, Lhx9, Nr2e3, Hmx1, Gbx1, Mrg1, Hlxb9, Six1-optimised"
10-371,10,767681,767958,PPIB,ENSGALG00000002210,738.226,535.056,616.604,606.48,380.555,0.821537036,"START_END, Znf143, HIF1, Lhx5, Prrx1, TEAD1, Alx4, Six1, Lmx1b, NFKB1, EBF, Pou2f1, Lmx1a, Pax6.2, Pax7"
1-811,1,48604976,48605253,GRIN2B,ENSGALG00000011809,0.275558,0.865245,0.120991,0.226216,0.139648,0.820937879,"START_END, Six1-optimised, GLI, STAT, Ehf, Tcfap2e, Tcfap2c, TFAP2A, STAT1, TEAD1"
2-604,2,125379716,125379993,TRIQK,ENSGALG00000015927,4.26967,5.00375,3.34493,3.37898,6.79365,0.791391372,"START_END, Emx2, Alx4, Six1-optimised, Hoxa1, Dlx5, TFAP2A, Hoxa2, Pax7, Prrx1, CHX10_vsx2_, Lhx5, Lmx1a, Pou2f1, EBF, Lmx1b, Lhx9, Bbx, Sox8, AR, Six1"
3-209,3,55975936,55976213,"RPS12,SNORD100",ENSGALG00000013990,5643.62,3257.76,3063.45,4446.48,3584.17,0.787877284,"START_END, Six1-optimised, EBF, Sox2, Hbp1, Nr2f2"
7-791,7,34277031,34277308,KIF5C,ENSGALG00000012462,20.5087,18.822,20.1895,16.1159,18.4872,0.785807974,"START_END, FOXO3, RREB1, Mybl1, RUNX1, Sox2, Pax6.1, PR, Six1-optimised, EBF1, Sox5"
15-34,15,1063771,1064048,COMT,ENSGALG00000002024,17.3859,12.7633,11.4063,13.6288,17.6775,0.783899597,"START_END, Six4, Irx4, Irx2, Irx5, Six1-optimised, Pax2, Gata5, Gata3.2, RXRA, Mafb, Arnt"
2-1084,2,17429087,17429364,PIP4K2A,ENSGALG00000007877,38.5254,32.3697,29.6564,30.1741,32.2201,0.783226131,"START_END, Six1-optimised, Gata3.2, Sox2, Nr2f2, Gata5, RXRA, Ets, Pou2f1"
4-917,4,1023856,1024133,EFNB1,ENSGALG00000004537,124.567,91.1878,128.801,97.0313,159.164,0.778948678,"START_END, FOXO3, NFKB1, Sox6, Six1-optimised, Foxk1, Ikaros, EBF1, Ets"
6-165,6,2015726,2016003,BMPR1A,ENSGALG00000002003,13.4359,19.9917,8.20576,10.185,10.6934,0.758043748,"START_END, Six1-optimised, NR3C1, TEAD1, Tcfap2e, RBP-Jkappa, Znf143"
14-304,14,9897803,9898080,C16orf72,ENSGALG00000007291,74.5753,71.0925,45.3308,55.4229,40.9378,0.743180383,"START_END, NR3C1, PPARG, Sox13, RoRalpha, Sox2, Six4, Six1-optimised, Hbp1"
17-65,17,813502,813779,EXD3,ENSGALG00000008959,4.27782,2.421,2.97515,3.16835,4.3244,0.740645936,"START_END, Sox3, Sox6, Hbp1, WT1, Pax-2, Six1, Sox30, Hdx, Irx5"
7-277,7,8717908,8718185,SLC39A10,ENSGALG00000007777,11.1993,21.8406,12.4245,8.25049,10.0309,0.736696936,"START_END, Six1-optimised, RBP-Jkappa, Gata5, Hoxa2, Hoxa1, Dmbx1, CHX10_vsx2_, Dlx5"
3-1669,3,105584917,105585194,EXTL3,ENSGALG00000016630,39.3239,34.6948,31.0413,28.9068,30.3428,0.735094942,"START_END, Lhx9, Alx4, Prrx1, Lmx1a, Lmx1b, Pax6.2, Lhx5, Pou2f1, Dmbx1, Pax7, Hoxa1, Pitx2, Hoxc9, PLZF, Hoxa2, Hlxb9, Otx2, Emx2, Gbx2, Bbx, Dlx5, Gbx1, Lhx4, CHX10_vsx2_, Hmx3, TFAP2A, Hmbox1, Pitx1, Hmx1, Sox13, Sox8, SALL1, Etv5, Six1-optimised"
3-1396,3,79004749,79005026,PHIP,ENSGALG00000015889,12.2381,21.3306,10.9339,8.95657,11.9841,0.731859521,"START_END, RREB1, Bbx, Six1-optimised, Tcfap2b, Sox13, DMRT3, Foxk1, AP1.1, Irx4, WT1"
5-736,5,43574224,43574501,CCDC88C,ENSGALG00000010715,25.4943,24.36,17.8852,18.526,21.5279,0.726672237,"START_END, TFAP2A, Pax6.1, Znf143, Lhx4, Sox6, Six1-optimised, RBP-Jkappa, CIZ"
13-225,13,11266596,11266873,GEMIN5,ENSGALG00000003937,41.4158,44.0528,33.2651,29.9778,28.6295,0.723825207,"START_END, Six1, Six1-optimised, Osf2, Lhx4, Hdx"
4-152,4,24600839,24601116,PALLD,ENSGALG00000009650,15.328,8.90242,13.6242,11.0767,15.1431,0.722644833,"START_END, Zic3, Irx4, Foxk1, Gata5, Hoxa1, Irx5, SALL1, Ehf, Six1-optimised, Ets"
15-41,15,4579441,4579718,NCOR2,ENSGALG00000003120,17.4811,10.6217,15.0748,12.6237,21.2563,0.722134191,"START_END, Six1-optimised, RREB1, RXRA, Pax6.1, RoRalpha"
3-847,3,74674137,74674414,BACH2,ENSGALG00000015605,2.12491,2.89829,1.93351,1.52816,3.57318,0.719164576,"START_END, AP1.2, FOXP1, Six1-optimised, Hdx, Bach2, AP1.1, SALL1"
6-361,6,14311147,14311424,COMTD1,ENSGALG00000005000,24.3298,17.7819,19.3459,17.3838,19.1326,0.71450649,"START_END, Six4, Irf6, RREB1, Six1, Nr2e3, Nkx2-5"
4-1448,4,12387767,12388044,KIAA2022,ENSGALG00000007755,3.27073,6.29171,2.70797,2.28926,2.72987,0.699923259,"START_END, FOXP1, FOXO3, Lhx4, RREB1, Hoxa2, Six1-optimised, Hoxa1, DMRT3, Hmx3, Pax-2, Bach2, Ikaros"
2-1169,2,114212657,114212934,CYP7B1,ENSGALG00000015512,3.19532,4.34342,3.13224,2.16102,2.05215,0.67630785,"START_END, Bach2, RUNX1, Pax2, STAT, Six1, Osf2, RFX, Mtf1"
1-927,1,61835314,61835591,CECR2,ENSGALG00000013034,37.4843,0,0,24.5254,26.4157,0.654284594,"START_END, ESR2, TEAD1, Pax-2, Max, Six1-optimised, Zic3, Pax2"
1-1150,1,61839526,61839803,CECR2,ENSGALG00000013034,37.4843,0,0,24.5254,26.4157,0.654284594,"START_END, FOXP1, SALL1, Irf6, Sox2, Foxk1, Sox6, Six1"
13-303,13,16136839,16137116,SLC22A4,ENSGALG00000021104,15.2731,21.3771,14.5347,9.77629,11.9396,0.640098605,"START_END, Ikaros, Foxk1, Six1-optimised, Sox6, FOXO3, Etv6"
1-1267,1,48075964,48076241,GPRC5A,ENSGALG00000011796,0.101145,0.176895,0,0.0637599,0,0.630381136,"START_END, Six1, Sox8, Gata3.2, Pitx1, Otx2, Pitx2, Mrg1, PLZF, Gata5, Hoxc9, Sox5, Sox13, TEAD1, Six4"
6-207,6,27421292,27421569,AFAP1L2,ENSGALG00000008999,5.09976,9.21231,6.1542,3.19567,2.64257,0.626631449,"START_END, Six1-optimised, Gata3.2, RUNX1, AR"
6-282,6,27195460,27195737,ENSGALG00000026959,ENSGALG00000026959,0.212003,0,0.184251,0.131257,0.292529,0.619128031,"START_END, FOXO3, Zic3, Sox3, Pax-2, Foxk1, AR, Six1-optimised"
3-514,3,43277161,43277438,QKI,ENSGALG00000011555,79.3505,84.7129,49.7571,49.0364,87.5061,0.617972161,"START_END, Six1, Six1-optimised, Six4, Dmbx1, AP1.1"
4-849,4,39119578,39119855,STOX2,ENSGALG00000010646,7.7657,13.1826,5.30622,4.75734,8.0701,0.612609295,"START_END, Znf143, Nkx2-5, Sox6, ESR2, Sox2, Six1-optimised, PR, NFATC2, FOXO3"
12-127,12,5330393,5330670,IQSEC1,ENSGALG00000005042,3.47569,4.46744,1.74919,2.12005,3.42384,0.609965216,"START_END, TEAD1, Sox2, PLZF, Six1-optimised"
2-1352,2,145685902,145686179,SLC45A4,ENSGALG00000016166,3.82829,6.69457,3.47214,2.28169,3.69159,0.596007617,"START_END, Rfx3, PLAG1, Klf7, Tcfcp2l1, Ehf, Etv6, Etv1, RREB1, WT1, Six1-optimised, HIF1"
4-1669,4,79607892,79608169,"ENSGALG00000015554,ENSGALG00000028116",ENSGALG00000028116,1.71516,8.75761,2.54808,1.01339,0.466558,0.590842837,"START_END, Six1, AP1.2, AP1.1, Six1-optimised, Bach2, Pbx, Six4, DMRT3"
11-144,11,5818091,5818368,NKD1,ENSGALG00000003767,10.3131,6.59886,6.52929,6.08662,5.65064,0.590183359,"START_END, Six4, EBF1, Irf6, Gata5, Pax2, Six1, Esrrb"
2-283,2,29193934,29194211,HDAC9,ENSGALG00000010854,2.8203,5.65953,2.01009,1.64275,2.90106,0.582473496,"START_END, Sox30, Sox6, TEAD1, Foxk1, Hoxa2, Six1-optimised, Sox5, Etv5, Sox13"
1-853,1,137410555,137410832,MYO16,ENSGALG00000016837,3.36015,3.28725,2.93034,1.92943,2.33687,0.574209485,"START_END, RREB1, Hbp1, FOXO3, Six1, AP1.2, Ets"
1-746,1,112053035,112053312,ENSGALG00000016249,ENSGALG00000016249,89.3694,36.1337,39.317,50.3253,52.0511,0.563115563,"START_END, Six1-optimised, Lhx4, Mrg1"
1-1394,1,34802222,34802499,DYRK2,ENSGALG00000009901,7.92603,9.39821,4.73768,4.18741,6.67534,0.528311147,"START_END, Lhx5, Pou2f1, Hoxc9, Lhx9, Sox8, Lmx1b, Lmx1a, Sox30, Hdx, Sox6, CHX10_vsx2_, ESR2, Pax-2, Six1, Tcf7l2, Bbx, Alx4, Sox2, Lhx4, Pax7, Hoxa2, Gbx2, Foxk1, Gata5, Pax6.2, Hbp1, PPARG, NFATC2"
7-239,7,12737859,12738136,PARD3B,ENSGALG00000013448,7.91962,7.78768,3.70223,4.08464,4.41012,0.51576212,"START_END, CHX10_vsx2_, Hoxa2, Hlxb9, Gbx2, Hoxa1, Sox3, Lhx4, Hmx3, Dlx5, Six1-optimised"
2-830,2,138530267,138530544,TRIB1,ENSGALG00000016311,3.67457,2.16513,1.21527,1.83552,1.35091,0.499519672,"START_END, SALL1, Foxk1, Pou2f1, FOXP1, Hoxa2, STAT1, Elk4, RBP-Jkappa, Etv4, Hoxa1, Erg, Sox8, PLZF, GATA3.1, Lmx1a, Six1-optimised, Etv5, Sox3, Lhx5, Lmx1b, Hoxc9, Prrx1, Pax6.2"
5-1599,5,27189370,27189647,KIAA0247,ENSGALG00000009428,30.2895,9.22163,8.08196,13.3733,96.3026,0.441516037,"START_END, Bbx, Hbp1, TEAD1, Hmbox1, Pou2f1, Lhx5, Six1, Hlxb9, Gbx1, Tcf1, Ets, PLZF, Hdx, DMRT3, Lmx1b"
5-799,5,22653029,22653306,LRP4,ENSGALG00000008292,9.0742,6.06304,4.13875,3.81942,6.29049,0.420909832,"START_END, Sox30, Six1, AP1.1, Pax2, Bach2, AP1.2, Six4"
2-1509,2,118381739,118382016,HNF4G,ENSGALG00000015670,0.205255,0.046382,0.0442155,0.085432,0.0468024,0.416223722,"START_END, Six1-optimised, Sox8, Pbx, Pax6.2, Pax-2, Sox5, Sox13, Mtf1, TEAD1, REST, Pou2f1, Sox30, Sox6"
Mar-25,3,55362128,55362405,SGK1,ENSGALG00000013971,6.90366,26.2177,3.04826,2.74257,2.91744,0.397263191,"START_END, Six1, Pax2, Six4, Hdx, AhR, Foxk1, NFATC2"
1-464,1,124005487,124005764,MID1,ENSGALG00000016603,15.6858,32.4797,10.7929,6.22104,5.84526,0.396603297,"START_END, Lhx9, Lhx5, Lmx1b, Hoxc9, Pax6.2, Pou2f1, Lmx1a, Prrx1, Dlx5, Foxk1, FOXO3, Six1-optimised, Alx4, Hoxa1, Hlxb9, Hmx1, Hoxa2, Bach2, Hmx3, CHX10_vsx2_, Sox6, AP1.1, RBP-Jkappa"
Jan-74,1,124003356,124003633,MID1,ENSGALG00000016603,15.6858,32.4797,10.7929,6.22104,5.84526,0.396603297,"START_END, Emx2, Prrx1, Lhx9, Hlxb9, Lhx5, Gbx2, Hoxa1, Alx4, Gbx1, Pax6.2, Tcf1, Bbx, Six1, Hoxa2, FOXO3, Tcf7l2, Pax7, Dlx5, Lhx4, CHX10_vsx2_, Pou2f1, Lmx1b, Hmx3, Foxk1, HIF1, Sox8, Hmbox1, Lmx1a, DMRT3, RREB1, TTF-1_Nkx2-1_, Hmx1, Mybl1, AhR"
11-133,11,15214051,15214328,HSD17B2,ENSGALG00000005467,1.33653,0.102089,0.0625662,0.510656,0.228925,0.382075973,"START_END, STAT1, Foxk1, Six1-optimised, TEAD1, DMRT3, Pbx, Irf6, EBF"
4-997,4,65205349,65205626,LNX1,ENSGALG00000013940,0.543776,0.147748,0.200845,0.206913,0.369451,0.380511461,"START_END, FOXO3, Six4, HIF1, Hbp1, Six1, ESR2, TEAD1"
5-908,5,15493098,15493375,RNH1,ENSGALG00000006904,198.658,130.564,77.6522,73.4855,66.4785,0.369909593,"START_END, HIF1, CREB.2, Six1-optimised, CREB_ATF, Ehf, Pax6.1"
Jan-34,1,40343906,40344183,PPFIA2,ENSGALG00000010958,0.293613,0.798576,0.183334,0.105805,0.0948905,0.360355298,"START_END, Six4, Pax2, CREB_ATF, EBF, Gata5, CREB.2, Six1, RXRA, Tax_CREB.1, Tax_CREB.2"
6-505,6,25483885,25484162,DUSP5,ENSGALG00000008581,24.4611,7.70133,9.20071,7.9541,4.055,0.325173439,"START_END, Sox3, Six1-optimised, DMRT3, Etv5, RBP-Jkappa, Ikaros, Etv4, Foxk1, Sox6"
6-761,6,22172346,22172623,KCNIP2,ENSGALG00000007666,4.50082,7.96183,0.848426,1.37112,0.788541,0.304637822,"START_END, Six1-optimised, Pax2, Arnt, Otx2, Nr2e3, Pitx2"
2-541,2,108064925,108065202,SNAI2,ENSGALG00000015241,53.1964,9.16212,23.9576,14.8036,14.5025,0.278281989,"START_END, Foxk1, Pbx, Tcf7l2, Sox2, Gata5, Sox3, Hmx3, Nr2e3, Six1, FOXO3, Hmx1"
1-720,1,60960669,60960946,WNT5B,ENSGALG00000012998,100.251,8.42991,19.5729,25.8198,16.5339,0.257551546,"START_END, Lhx9, Alx4, Hlxb9, RXRA, Six1, Pou2f1, Six4, Emx2, Prrx1, CHX10_vsx2_"
2-862,2,32519420,32519697,SKAP2,ENSGALG00000011051,220.266,31.0647,47.8355,55.7608,38.127,0.253152098,"START_END, Nr2f2, HIF1, Six1-optimised, Sox3, TEAD1, Rfx3, Pax7"
15-47,15,4284991,4285268,TMEM132B,ENSGALG00000002742,3.72979,6.57128,2.5583,0.802739,1.72737,0.215223645,"START_END, Sox6, Hmx3, Sox3, Six1, RREB1, RXRA, Sox2"
Apr-16,4,19284422,19284699,TRIM2,ENSGALG00000009207,2.59792,4.73107,1.22141,0.556136,1.69424,0.214069717,"START_END, Sox6, Six1, Mafb, Irx2, Sox8, TTF-1_Nkx2-1_, Irf6"
2-333,2,139421578,139421855,MYC,ENSGALG00000016308,35.8257,6.65622,4.69568,7.12908,12.3316,0.19899346,"START_END, Irf6, Six1-optimised, RREB1, PLZF, TEAD1, Tcf1"
4-914,4,82689040,82689317,C4orf48,ENSGALG00000024486,30.3686,11.2293,11.9105,5.97378,12.9664,0.196709101,"START_END, AP1.1, Six1, Bach2, AP1.2, NFATC2, Zic3, Sox3"
2-1470,2,89912114,89912391,SCGN,ENSGALG00000013598,7.74184,3.22536,1.55595,1.28737,0.848181,0.166287343,"START_END, Lmx1a, SALL1, Hoxc9, EBF, Sox6, Six1-optimised, Lmx1b, FOXO3, WT1"
5-580,5,54978985,54979262,DACT1,ENSGALG00000012023,42.0656,21.439,10.0571,6.95428,10.4161,0.165319881,"START_END, AP1.1, AP1.2, Bach2, Foxk1, Pax2, PR, AhR, Six1, FOXO3"
2-1376,2,15241109,15241386,BAMBI,ENSGALG00000025919,23.2994,16.2593,5.37853,3.27926,2.43597,0.140744397,"START_END, Arnt, Dlx5, CHX10_vsx2_, AhR, Lhx4, Hoxa1, NFATC2, Hmx1, Six1, Gbx2"
1-821,1,81533252,81533529,LSAMP,ENSGALG00000015087,10.1405,3.33575,1.2475,1.21983,4.16243,0.120292885,"START_END, Gata3.2, Six1, RBP-Jkappa, Gata5"
2-249,2,24732423,24732700,TAC1,ENSGALG00000009737,1.11232,0.825991,1.60743,0.129237,0,0.116186889,"START_END, Lmx1b, Lhx5, Lmx1a, FOXO3, Lhx9, Hoxc9, Hmx3, Pou2f1, Hoxa2, Hoxa1, Pax6.2, Mrg1, Hmx1, Hlxb9, Sox8, Six1, Mafb, Prrx1, Sox13, ESR2, Alx4, CHX10_vsx2_, STAT1, Gbx1, Irx5, RXRA, Irx4, Foxk1, Irx2, Gbx2"
6-795,6,29671771,29672048,RGS10,ENSGALG00000009422,1.81408,1.29606,1.99966,0.156737,1.68281,0.086400269,"START_END, Sox8, Sox13, Sox5, Hmx1, Hmx3, Irf6, AP1.1, Irx5, Irx2, STAT, Six1-optimised, FOXO3, SALL1, Irx4"
4-1235,4,19481002,19481279,"NM_204278,TLR2-1",NM_204278_dup1,2.42942,6.83461,0.809222,0.181696,0.180682,0.074789868,"START_END, TEAD1, NFATC2, Pitx1, Six1"
1-416,1,29608774,29609051,PRICKLE1,ENSGALG00000009556,33.8281,3.43423,3.48694,2.01819,3.5466,0.059660164,"START_END, Nr2f2, RXRA, Hoxc9, Pax-2, Six1"
2-550,2,3582418,3582695,PTH1R,ENSGALG00000005476,0.215335,0.147099,0,0,0.0658435,0,"START_END, NFKB1, Six1-optimised, FOXO3, TEAD1, Mtf1"
3-1322,3,37728449,37728726,GGA.15655,ENSGALG00000018929,0.0761747,0,0,0,0,0,"START_END, TEAD1, Six1-optimised, Hmx3, Hmx1, RXRA, Sox13, Sox5, Dmbx1"
Feb-05,2,52913726,52914003,7SK,ENSGALG00000024970,0.258107,0,0,0,0,0,"START_END, Irf6, Pou2f1, Pax6.2, Prrx1, Klf7, Ar, Hmbox1, Six1, Tcf1, Pax7, Lmx1b, Bbx, Hoxa2, Etv5, RREB1, Hoxa1, Sox30, Lhx5, Ets, CHX10_vsx2_, Sox8, Lmx1a, Gbx1, SALL1"
4-236,4,60887789,60888066,TLR3,ENSGALG00000013468,0.02709,0.0329923,0.0175509,0,0.0245407,0,"START_END, Sox3, PPARG, Six4, Gata5, Hoxa2, Six1-optimised, Emx2, WT1, Sox6"
Feb-39,2,102492932,102493209,RBBP8,ENSGALG00000014982,10.2147,13.9748,19.259,0,69.5346,0,"START_END, CIZ, DMRT3, TEAD1, Ar, Six1-optimised, SALL1, Bbx"
Feb-40,2,102495938,102496215,RBBP8,ENSGALG00000014982,10.2147,13.9748,19.259,0,69.5346,0,"START_END, PR, Lhx5, Pax6.2, Pou2f1, Prrx1, Sox8, Lmx1b, Hmx3, Six1-optimised, Lmx1a, AR, Hoxa2, Lhx9, RUNX1, SALL1, Sox13, Hmx1, Hoxa1, Gbx1, Gata5, PLZF, Sox5, Pax7, Bbx, Lhx4, DMRT3, Sox30, Alx4, Tcf1, Emx2, Etv1, Dlx5, Pbx, Gbx2, Hbp1, Mafb, Mrg1"
6-702,6,11024008,11024285,-,-,0.765743,0,0,0,7.78819,0,"START_END, Foxk1, Irx2, Irx4, PLZF, Irx5, Lmx1a, RFX, Mybl1, Lhx5, Hoxc9, Pitx2, Arnt, Six1-optimised, Otx2, Pax-2, Sox8, Six4, SALL1, Hbp1, Pax7, Bbx, Lmx1b, Pou2f1, Pax6.2"
5-1319,5,27720312,27720589,ENSGALG00000009487,ENSGALG00000009487,0.0559612,0.131243,0.105109,0,0,0,"START_END, Lhx9, RBP-Jkappa, Six1"
1-187,1,15812676,15812953,ENSGALG00000006986,ENSGALG00000006986,0.0504163,0,0,0,0,0,"START_END, Six1-optimised, Irf6, Ehf, Sox6, Six4, Hbp1, REST"
2-929,2,125825264,125825541,GEM,ENSGALG00000015954,0.0713356,0.0185841,0,0,0,0,"START_END, CIZ, Six1, TEAD1, Hoxc9, Znf143, Pax2, Six4"
2-552,2,7913050,7913327,EN2,ENSGALG00000023430,0.695073,0.105838,0.251942,0,0.0420539,0,"START_END, Mtf1, Six1-optimised, Ikaros, AP1.2, Nkx2-5, TFAP2A, AP1.1, TEAD1, Bach2"
1-1071,1,139300061,139300338,ENSGALG00000028502,ENSGALG00000028502,0.0529095,0.0731391,0,0,0,0,"START_END, Irf6, Hlxb9, HIF1, RBP-Jkappa, Six4, GATA3.1, Pbx, Six1-optimised"
Aug-13,8,3375102,3375379,B3GALT2,ENSGALG00000002477,0.0241419,0.018002,0.0493971,0,0,0,"START_END, Sox2, STAT, Six1-optimised, Tcf7l2, NFATC2"
Feb-44,2,117795334,117795611,LY96,ENSGALG00000027598,0.0218324,0,0,0,0.0483522,0,"START_END, Gata3.2, Gata5, Nkx2-5, REST, RBP-Jkappa, Sox6, Sox3, Six1-optimised, Nr2e3"
22-28,22,2048974,2049251,KCNU1,ENSGALG00000001560,0.150112,0.0842155,0.0183908,0,0.0798176,0,"START_END, Tcf1, Six1-optimised, Mybl1, WT1, Gata5, Pax-2, Etv6"
,,,,,,,,,,,,
Key:,,,,,,,,,,,,
,enhancers with Six1 binding sites and associated to genes enriched in the otic placode,,,,,,,,,,,
,enhancers with Six1 binding sites ,,,,,,,,,,,